{
  "domainStrategy": "IPIfNonMatch",
  "rules": [
    {
      "type": "field",
      "outboundTag": "block",
      "ip": [
        "geoip:private",
        "127.0.0.1/32",
        "10.0.0.0/8",
        "fc00::/7",
        "fe80::/10",
        "172.16.0.0/12"
      ]
    },
    {
      "type": "field",
      "outboundTag": "block",
      "protocol": [
        "bittorrent"
      ]
    },
    {
      "type": "field",
      "outboundTag": "block",
      "domain": [
        "regexp:(.*\\.||)(10010|10086|10099|110\\.qq|12315|12321|12377|1688|189|2047\\.name|360|4321q|868123|abchina|abc\\.net\\.au|aboluowang|ad2iction|adbc|alipay|amnesty|antpool|appledaily|asus|bankcomm|bannedbook|beanfun|becomingaces|bbc|bitterwinter|bloomberg|boc|botanwang|boxun|braiins|breakgfw|bt_key|ccb|cctv|cebbank|chengmingmag|chacuo|chinadigitaltimes|chinapress|christianstudy|cib|cirosantilli|citizenpowerforchina|club|cmbchina|cmbc|cn\\.rfi|cntv|cnzz|coinfoundry|cool3c|coolapk|crazypool|creaders|cup|cyberpolice|dafahao|dajiyuan|dalailama|duba|dongtaiwang|douban|duitang|dw|dwnews|ecitic|edoors|ed2k|efcc|emcd|epochtimes|epochweekly|ethermine|everylittled|falunaz|falundafa|falungong|fawanghuihui|f2pool|flexpool|flipboard|flows|freetibet|freedomhouse|funmart|gamepay|gash|gashpoint|gov|guanjia\\.qq\\.com|guerrillamail|guerrillamailblock|hancel|hiveon|hopto|hrw|huaglad|huawei|hxb|icbc|independent|inmediahk|inside|iqoo|irmct|izuiyou|ixiaochuan|jcbcard|jd|jinpianwang|jinshanduba|jiyou|jw|kingsoft|ksweb|laomoe|learnfalungong|lenovo|lolicp|ltn|magnet:|master-li|meizu|miaoko|miaozhen|minghui|mingjinglive|mingjingnews|miningpoolhub|miraheze|mm126|modernchinastudies|mpweekly|mycard|myzte|nanopool|netvigator|news\\.agentm|nextdigital|nicehash|ninecommentaries|ntdtv|nytimes|oneplus|oneplusbbs|oneniceapp|oppo|pbccrc|peer_id=|pingan|pinduoduo|pincong|pipigx|pokemail|poolin|prohashing|psbc|pts|qi-gong|qqpcmgr|QQPCMGR|realmebbs|rednet|renminbao|renren|research|rfa|rfi|rising|roc-taiwan|rogbbs|sandai|secretchina|shenyuncreations|shenyunperformingarts|shu\\.best|slushpool|so|solo\\.ckpool|soundofhope|spam4|spdb|sportsv|ssss|storm|subject|sv|taketla|talkingdata|tangdou|taobao|tenpay|tgcchinese|theaustralian|theinitium|thenewslens|Thunder|tianya|tibet|tieba\\.baidu|tmall|tnlmedia|torrent|torproject|toutiao|tuidang|udn|ultrasurf|umeng|unionpay|upmedia|usembassy-china|viabtc|viad|vip|vivo|voacantonese|voachinese|voanews|vv1234|weibo|wenxuecity|woolypooly|wsj|wujieliulan|xindubawukong|xinsheng|xizang-zhiye|xiaohongshu|xiaomi|xuexi|xunlei|XLLiveUD|yam|ydn|yibaochina|yunshanfu|zhengjian|zhengwunet|zhihu|zhuichaguoji|zijieapi|0z)",
        "regexp:(api|ps|sv|offnavi|newvector|ulog\\.imap|newloc)(\\.map|)\\.(baidu|n\\.shifen)\\.com",
        "regexp:(HELO|SMTP|Subject)",
        "regexp:(\\.torrent|peer_id=|info_hash|get_peers|find_node|BitTorrent|announce_peer|announce\\.php\\?passkey=)",
        "regexp:(^\\.@)(guerrillamail|guerrillamailblock|sharklasers|grr|pokemail|spam4|bccto|chacuo|027168)\\.(info|biz|com|de|net|org|me|la)",
        "regexp:(.*\\.||)(visa|mastercard)\\.",
        "regexp:(\\.bank\\.)",
        "regexp:(flows|miaoko)\\.pages\\.dev",
        "regexp:(.*\\.||)(laomoe|jiyou|ssss|lolicp|vv1234|0z|4321q|868123|ksweb|mm126)\\.(com|cloud|fun|cn|gs|xyz|cc)",
        "regexp:(.*\\.||)(2miners|antpool|btc|ethermine|f2pool|flexpool|hiveon|k1pool|nanopool|nicehash|poolin|slushpool|viabtc)\\.(com|io|org)"
      ]
    },
    {
      "type": "field",
      "outboundTag": "IPv6_out",
      "domain": [
        "byr.pt"
      ]
    },
    {
      "type": "field",
      "outboundTag": "unlock",
      "domain": [
        "geosite:netflix",
        "geosite:disney",
        "geosite:tiktok",
        "geosite:hulu",
        "geosite:bahamut",
        "geosite:hbo",
        "geosite:abema",
        "geosite:dmm"
      ]
    },
    {
      "type": "field",
      "outboundTag": "IPv4_out",
      "network": "tcp,udp"
    }
  ]
}
